{
"xyz": [
[
[
-0.21263044590734886,
0.4659175196341545,
-0.1505204218995158
],
[
0.1505204218995158,
0.4659175196341545,
0.21263044590734897
],
[
-0.2842518670581472,
0.22079068386452086,
-0.15152917431009044
],
[
0.15152917431009044,
0.22079068386452086,
0.2842518670581473
],
[
-0.1430265295776998,
0.07250407951005111,
-0.25643942500985134
],
[
0.25643942500985134,
0.07250407951005111,
0.14302652957769993
],
[
-0.39622338463193046,
-0.35318943775244027,
-0.15758168877353818
],
[
0.15758168877353818,
-0.35318943775244027,
0.3962233846319305
],
[
0.23424687197720961,
-0.5902462542374769,
0.7724880337762654
],
[
-0.7724880337762653,
-0.5902462542374769,
-0.23424687197720961
],
[
0.34823589437214214,
0.24600949412888645,
-0.07135955512006863
],
[
0.35126215160386604,
0.1259679572705062,
-0.06667492606513849
],
[
0.44810238301902994,
-0.1877540424182019,
0.4273322311990604
],
[
-0.42733223119906033,
-0.1877540424182019,
-0.44810238301903016
],
[
0.07135955512006874,
0.24600949412888645,
-0.34823589437214214
],
[
0.06667492606513872,
0.1259679572705062,
-0.35126215160386604
]
],
[
[
-0.21263044590734886,
0.4659175196341545,
-0.1505204218995158
],
[
0.1505204218995158,
0.4659175196341545,
0.21263044590734897
],
[
-0.2842518670581472,
0.22079068386452086,
-0.15152917431009044
],
[
0.15152917431009044,
0.22079068386452086,
0.2842518670581473
],
[
-0.1430265295776998,
0.07250407951005111,
-0.25643942500985134
],
[
0.25643942500985134,
0.07250407951005111,
0.14302652957769993
],
[
-0.39622338463193046,
-0.35318943775244027,
-0.15758168877353818
],
[
0.15758168877353818,
-0.35318943775244027,
0.3962233846319305
],
[
0.23424687197720961,
-0.5902462542374769,
0.7724880337762654
],
[
-0.7724880337762653,
-0.5902462542374769,
-0.23424687197720961
],
[
0.34823589437214214,
0.24600949412888645,
-0.07135955512006863
],
[
0.35126215160386604,
0.1259679572705062,
-0.06667492606513849
],
[
0.44810238301902994,
-0.1877540424182019,
0.4273322311990604
],
[
-0.42733223119906033,
-0.1877540424182019,
-0.44810238301903016
],
[
0.07135955512006874,
0.24600949412888645,
-0.34823589437214214
],
[
0.06667492606513872,
0.1259679572705062,
-0.35126215160386604
]
]
],
"R": [
[
[
1.0,
0.0,
0.0
],
[
0.0,
1.0,
0.0
],
[
0.0,
0.0,
1.0
]
],
[
[
1.0,
0.0,
0.0
],
[
0.0,
1.0,
0.0
],
[
0.0,
0.0,
1.0
]
]
],
"vsa": [
45,
45
],
"triples": [
1,
3,
5,
5,
10,
1,
5,
10,
11,
11,
7,
5,
7,
8,
12,
12,
11,
7,
0,
1,
3,
3,
2,
0,
2,
3,
5,
5,
4,
2,
4,
5,
7,
7,
6,
4,
6,
7,
8,
8,
9,
6,
0,
1,
10,
10,
14,
0,
10,
11,
15,
15,
14,
10,
11,
12,
13,
13,
15,
11,
0,
2,
4,
4,
14,
0,
6,
4,
14,
14,
15,
6,
8,
12,
13,
13,
9,
8,
9,
6,
15,
15,
13,
9
]
}